{
  "threshold": 1.7485599617729868,
  "mean": 0.07562355074013288,
  "std": 0.5576454703442847,
  "k": 3.0,
  "computed_at": "2026-01-28T11:17:51.255883",
  "n_samples": 3502,
  "n_features": 43
}